S/67V	0.435	85	Positive*	
S/95I	16.047	21	Positive*	
S/142D	0.002	5417	Positive*	
S/212I	0.006	2814	Negative	
S/339D	0.006	2883	Negative	
S/371L	<0.005%		Negative	
S/373P	0.007	2719	Negative*	
S/375F	0.003	4778	Negative	
S/417N	0.529	73	Positive*	
S/440K	0.156	216	Positive*	
S/446S	0.007	2666	Positive*	
S/477N	2.038	35	Positive	
S/478K	32.320	13	Positive*	
S/484A	0.004	3498	Positive*	
S/493R	0.007	2737	Neutral	
S/496S	0.013	1691	Neutral	
S/498R	<0.005%		Negative	
S/501Y	37.036	2	Positive*	
S/505H	0.003	4099	Neutral	
S/547K	0.013	1740	Positive	
S/614G	98.970	1	Positive*	
S/655Y	2.513	30	Positive	
S/679K	0.041	534	Positive	
S/681H	35.613	3	Positive*	
S/764K	0.005	3291	Negative	
S/796Y	0.083	322	Positive	
S/856K	<0.005%		Negative*	
S/954H	<0.005%		Negative	
S/969K	<0.005%		Negative*	
S/981F	<0.005%		Neutral	
